{"v":"5.5.7","fr":25,"ip":0,"op":93,"w":1000,"h":1000,"nm":"Paper Map Opening Animation","ddd":1,"assets":[],"layers":[{"ddd":0,"ind":1,"ty":4,"nm":"Layer 10 Outlines 2","sr":1,"ks":{"o":{"a":0,"k":100,"ix":11},"r":{"a":0,"k":0,"ix":10},"p":{"a":0,"k":[758.75,460.375,0],"ix":2},"a":{"a":0,"k":[758.75,460.375,0],"ix":1},"s":{"a":1,"k":[{"i":{"x":[0.667,0.667,0.667],"y":[1,1,1]},"o":{"x":[0.333,0.333,0.333],"y":[0,0,0]},"t":72,"s":[0,0,100]},{"i":{"x":[0.667,0.667,0.667],"y":[1,1,1]},"o":{"x":[0.333,0.333,0.333],"y":[0,0,0]},"t":81,"s":[115,115,100]},{"t":86,"s":[100,100,100]}],"ix":6}},"ao":0,"shapes":[{"ty":"gr","it":[{"ind":0,"ty":"sh","ix":1,"ks":{"a":0,"k":{"i":[[10.236,0],[0,10.236],[-10.236,0],[0,-10.236]],"o":[[-10.236,0],[0,-10.236],[10.236,0],[0,10.236]],"v":[[0,0.714],[-18.538,-17.822],[0,-36.358],[18.535,-17.822]],"c":true},"ix":2},"nm":"Path 1","mn":"ADBE Vector Shape - Group","hd":false},{"ind":1,"ty":"sh","ix":2,"ks":{"a":0,"k":{"i":[[0,3.427],[20.923,0],[0,-20.923],[-0.877,-3.194],[0,0],[-19.572,-0.402],[0,0],[0,0]],"o":[[0,-20.923],[-20.924,0],[0,3.471],[0,0],[0,0],[19.571,0.403],[0,0],[0.854,-3.16]],"v":[[37.886,-17.822],[0,-55.708],[-37.886,-17.822],[-36.534,-7.797],[-36.547,-7.797],[-0.003,55.305],[36.577,-7.918],[36.567,-7.918]],"c":true},"ix":2},"nm":"Path 2","mn":"ADBE Vector Shape - Group","hd":false},{"ty":"mm","mm":1,"nm":"Merge Paths 1","mn":"ADBE Vector Filter - Merge","hd":false},{"ty":"fl","c":{"a":0,"k":[0.990574077531,0.167452075435,0.113177138684,1],"ix":4},"o":{"a":0,"k":100,"ix":5},"r":1,"bm":0,"nm":"Fill 1","mn":"ADBE Vector Graphic - Fill","hd":false},{"ty":"tr","p":{"a":0,"k":[758.642,404.916],"ix":2},"a":{"a":0,"k":[0,0],"ix":1},"s":{"a":0,"k":[100,100],"ix":3},"r":{"a":0,"k":0,"ix":6},"o":{"a":0,"k":100,"ix":7},"sk":{"a":0,"k":0,"ix":4},"sa":{"a":0,"k":0,"ix":5},"nm":"Transform"}],"nm":"Group 1","np":4,"cix":2,"bm":0,"ix":1,"mn":"ADBE Vector Group","hd":false}],"ip":72,"op":132,"st":15,"bm":0},{"ddd":0,"ind":2,"ty":4,"nm":"Layer 9 Outlines 2","sr":1,"ks":{"o":{"a":0,"k":100,"ix":11},"r":{"a":0,"k":0,"ix":10},"p":{"a":0,"k":[356.563,484.125,0],"ix":2},"a":{"a":0,"k":[356.563,484.125,0],"ix":1},"s":{"a":1,"k":[{"i":{"x":[0.667,0.667,0.667],"y":[1,1,1]},"o":{"x":[0.333,0.333,0.333],"y":[0,0,0]},"t":63,"s":[0,0,100]},{"i":{"x":[0.667,0.667,0.667],"y":[1,1,1]},"o":{"x":[0.333,0.333,0.333],"y":[0,0,0]},"t":72,"s":[115,115,100]},{"t":77,"s":[100,100,100]}],"ix":6}},"ao":0,"shapes":[{"ty":"gr","it":[{"ind":0,"ty":"sh","ix":1,"ks":{"a":0,"k":{"i":[[10.769,0],[0,10.771],[-10.771,0],[0,-10.769]],"o":[[-10.771,0],[0,-10.769],[10.769,0],[0,10.771]],"v":[[0.001,0.75],[-19.502,-18.753],[0.001,-38.253],[19.504,-18.753]],"c":true},"ix":2},"nm":"Path 1","mn":"ADBE Vector Shape - Group","hd":false},{"ind":1,"ty":"sh","ix":2,"ks":{"a":0,"k":{"i":[[0,3.607],[22.014,0],[0,-22.014],[-0.918,-3.361],[0,0],[-20.592,-0.422],[0,0],[0,0]],"o":[[0,-22.014],[-22.013,0],[0,3.653],[0,0],[0,0],[20.591,0.422],[0,0],[0.897,-3.323]],"v":[[39.861,-18.75],[-0.001,-58.612],[-39.861,-18.75],[-38.44,-8.202],[-38.451,-8.202],[-0.001,58.19],[38.486,-8.329],[38.475,-8.329]],"c":true},"ix":2},"nm":"Path 2","mn":"ADBE Vector Shape - Group","hd":false},{"ty":"mm","mm":1,"nm":"Merge Paths 1","mn":"ADBE Vector Filter - Merge","hd":false},{"ty":"fl","c":{"a":0,"k":[0.990574077531,0.167452075435,0.113177138684,1],"ix":4},"o":{"a":0,"k":100,"ix":5},"r":1,"bm":0,"nm":"Fill 1","mn":"ADBE Vector Graphic - Fill","hd":false},{"ty":"tr","p":{"a":0,"k":[356.568,425.826],"ix":2},"a":{"a":0,"k":[0,0],"ix":1},"s":{"a":0,"k":[100,100],"ix":3},"r":{"a":0,"k":0,"ix":6},"o":{"a":0,"k":100,"ix":7},"sk":{"a":0,"k":0,"ix":4},"sa":{"a":0,"k":0,"ix":5},"nm":"Transform"}],"nm":"Group 1","np":4,"cix":2,"bm":0,"ix":1,"mn":"ADBE Vector Group","hd":false}],"ip":63,"op":123,"st":6,"bm":0},{"ddd":0,"ind":3,"ty":4,"nm":"Layer 8 Outlines 2","sr":1,"ks":{"o":{"a":0,"k":100,"ix":11},"r":{"a":0,"k":0,"ix":10},"p":{"a":0,"k":[523.875,675.75,0],"ix":2},"a":{"a":0,"k":[523.875,675.75,0],"ix":1},"s":{"a":1,"k":[{"i":{"x":[0.667,0.667,0.667],"y":[1,1,1]},"o":{"x":[0.333,0.333,0.333],"y":[0,0,0]},"t":54,"s":[0,0,100]},{"i":{"x":[0.667,0.667,0.667],"y":[1,1,1]},"o":{"x":[0.333,0.333,0.333],"y":[0,0,0]},"t":63,"s":[115,115,100]},{"t":68,"s":[100,100,100]}],"ix":6}},"ao":0,"shapes":[{"ty":"gr","it":[{"ind":0,"ty":"sh","ix":1,"ks":{"a":0,"k":{"i":[[9.966,0],[0,9.97],[-9.97,0],[0,-9.966]],"o":[[-9.97,0],[0,-9.966],[9.966,0],[0,9.97]],"v":[[0,0.695],[-18.05,-17.355],[0,-35.402],[18.048,-17.355]],"c":true},"ix":2},"nm":"Path 1","mn":"ADBE Vector Shape - Group","hd":false},{"ind":1,"ty":"sh","ix":2,"ks":{"a":0,"k":{"i":[[0,3.336],[20.374,0],[0,-20.374],[-0.852,-3.111],[0,0],[-19.057,-0.391],[0,0],[0,0]],"o":[[0,-20.374],[-20.372,0],[0,3.38],[0,0],[0,0],[19.058,0.392],[0,0],[0.832,-3.075]],"v":[[36.889,-17.353],[-0.002,-54.244],[-36.889,-17.353],[-35.575,-7.592],[-35.584,-7.592],[-0.004,53.852],[35.615,-7.71],[35.606,-7.71]],"c":true},"ix":2},"nm":"Path 2","mn":"ADBE Vector Shape - Group","hd":false},{"ty":"mm","mm":1,"nm":"Merge Paths 1","mn":"ADBE Vector Filter - Merge","hd":false},{"ty":"fl","c":{"a":0,"k":[0.990574077531,0.167452075435,0.113177138684,1],"ix":4},"o":{"a":0,"k":100,"ix":5},"r":1,"bm":0,"nm":"Fill 1","mn":"ADBE Vector Graphic - Fill","hd":false},{"ty":"tr","p":{"a":0,"k":[523.746,621.865],"ix":2},"a":{"a":0,"k":[0,0],"ix":1},"s":{"a":0,"k":[100,100],"ix":3},"r":{"a":0,"k":0,"ix":6},"o":{"a":0,"k":100,"ix":7},"sk":{"a":0,"k":0,"ix":4},"sa":{"a":0,"k":0,"ix":5},"nm":"Transform"}],"nm":"Group 1","np":4,"cix":2,"bm":0,"ix":1,"mn":"ADBE Vector Group","hd":false}],"ip":54,"op":114,"st":-3,"bm":0},{"ddd":0,"ind":4,"ty":3,"nm":"Null 1","sr":1,"ks":{"o":{"a":0,"k":0,"ix":11},"r":{"a":0,"k":0,"ix":10},"p":{"a":0,"k":[500,500,0],"ix":2},"a":{"a":0,"k":[0,0,0],"ix":1},"s":{"a":1,"k":[{"i":{"x":[0.667,0.667,0.667],"y":[1,1,1]},"o":{"x":[0.333,0.333,0.333],"y":[0,0,0]},"t":0,"s":[0,100,100]},{"t":10,"s":[100,100,100]}],"ix":6}},"ao":0,"ip":0,"op":126,"st":0,"bm":0},{"ddd":1,"ind":5,"ty":4,"nm":"Middle Outlines","parent":4,"sr":1,"ks":{"o":{"a":0,"k":100,"ix":11},"rx":{"a":0,"k":0,"ix":8},"ry":{"a":0,"k":0,"ix":9},"rz":{"a":0,"k":0,"ix":10},"or":{"a":0,"k":[0,0,0],"ix":7},"p":{"a":0,"k":[0,0,0],"ix":2},"a":{"a":0,"k":[500,500,0],"ix":1},"s":{"a":0,"k":[100,100,100],"ix":6}},"ao":0,"shapes":[{"ty":"gr","it":[{"ind":0,"ty":"sh","ix":1,"ks":{"a":0,"k":{"i":[[0,0],[0,0],[0,0],[0,0]],"o":[[0,0],[0,0],[0,0],[0,0]],"v":[[109.32,268.498],[-109.321,217.003],[-109.321,-268.498],[109.32,-219.309]],"c":true},"ix":2},"nm":"Path 1","mn":"ADBE Vector Shape - Group","hd":false},{"ty":"fl","c":{"a":0,"k":[0.406343856512,0.688896747664,0.721479827282,1],"ix":4},"o":{"a":0,"k":100,"ix":5},"r":1,"bm":0,"nm":"Fill 1","mn":"ADBE Vector Graphic - Fill","hd":false},{"ty":"tr","p":{"a":0,"k":[540.001,499.704],"ix":2},"a":{"a":0,"k":[0,0],"ix":1},"s":{"a":0,"k":[100,100],"ix":3},"r":{"a":0,"k":0,"ix":6},"o":{"a":0,"k":100,"ix":7},"sk":{"a":0,"k":0,"ix":4},"sa":{"a":0,"k":0,"ix":5},"nm":"Transform"}],"nm":"Group 1","np":2,"cix":2,"bm":0,"ix":1,"mn":"ADBE Vector Group","hd":false},{"ty":"gr","it":[{"ind":0,"ty":"sh","ix":1,"ks":{"a":0,"k":{"i":[[0,0],[0,0],[0,0],[0,0]],"o":[[0,0],[0,0],[0,0],[0,0]],"v":[[109.513,297.664],[-109.514,247.533],[-109.514,-297.664],[109.513,-247.532]],"c":true},"ix":2},"nm":"Path 1","mn":"ADBE Vector Shape - Group","hd":false},{"ty":"fl","c":{"a":0,"k":[0.467740616144,0.434101418888,0.418353361242,1],"ix":4},"o":{"a":0,"k":100,"ix":5},"r":1,"bm":0,"nm":"Fill 1","mn":"ADBE Vector Graphic - Fill","hd":false},{"ty":"tr","p":{"a":0,"k":[540.194,499.703],"ix":2},"a":{"a":0,"k":[0,0],"ix":1},"s":{"a":0,"k":[100,100],"ix":3},"r":{"a":0,"k":0,"ix":6},"o":{"a":0,"k":100,"ix":7},"sk":{"a":0,"k":0,"ix":4},"sa":{"a":0,"k":0,"ix":5},"nm":"Transform"}],"nm":"Group 2","np":2,"cix":2,"bm":0,"ix":2,"mn":"ADBE Vector Group","hd":false}],"ip":0,"op":119,"st":0,"bm":0},{"ddd":1,"ind":6,"ty":4,"nm":"Right Outlines","parent":4,"sr":1,"ks":{"o":{"a":0,"k":100,"ix":11},"rx":{"a":0,"k":0,"ix":8},"ry":{"a":1,"k":[{"i":{"x":[0.833],"y":[0.833]},"o":{"x":[0.167],"y":[0.167]},"t":28,"s":[178]},{"t":53,"s":[0]}],"ix":9},"rz":{"a":0,"k":0,"ix":10},"or":{"a":0,"k":[0,0,0],"ix":7},"p":{"a":0,"k":[149.704,-0.172,0],"ix":2},"a":{"a":0,"k":[649.704,499.828,0],"ix":1},"s":{"a":0,"k":[100,100,100],"ix":6}},"ao":0,"shapes":[{"ty":"gr","it":[{"ind":0,"ty":"sh","ix":1,"ks":{"a":0,"k":{"i":[[0,0],[0,0],[0,16.929],[0,0],[13.193,-4.317],[0,0],[0,0],[0,0],[0,0],[0,0]],"o":[[0,0],[13.193,-3.358],[0,0],[0,-16.93],[0,0],[0,0],[0,0],[0,0],[0,0],[0,0]],"v":[[-72.214,261.155],[72.216,224.406],[96.106,187.674],[96.106,-240.078],[72.216,-262.916],[-72.107,-226.755],[-96.106,-219.875],[-96.106,-178.075],[-96.106,237.456],[-96.106,267.233]],"c":true},"ix":2},"nm":"Path 1","mn":"ADBE Vector Shape - Group","hd":false},{"ty":"fl","c":{"a":0,"k":[0.646707871381,0.864081468769,0.915536917892,1],"ix":4},"o":{"a":0,"k":100,"ix":5},"r":1,"bm":0,"nm":"Fill 1","mn":"ADBE Vector Graphic - Fill","hd":false},{"ty":"tr","p":{"a":0,"k":[745.899,500.418],"ix":2},"a":{"a":0,"k":[0,0],"ix":1},"s":{"a":0,"k":[100,100],"ix":3},"r":{"a":0,"k":0,"ix":6},"o":{"a":0,"k":100,"ix":7},"sk":{"a":0,"k":0,"ix":4},"sa":{"a":0,"k":0,"ix":5},"nm":"Transform"}],"nm":"Group 1","np":2,"cix":2,"bm":0,"ix":1,"mn":"ADBE Vector Group","hd":false},{"ty":"gr","it":[{"ind":0,"ty":"sh","ix":1,"ks":{"a":0,"k":{"i":[[0,0],[0,0],[0,18.976],[0,0],[15.008,-4.838],[0,0],[0,0],[0,0],[0,0],[0,0]],"o":[[0,0],[15.008,-3.763],[0,0],[0,-18.975],[0,0],[0,0],[0,0],[0,0],[0,0],[0,0]],"v":[[-82.145,292.716],[82.145,251.527],[109.32,210.355],[109.32,-269.093],[82.145,-294.691],[-82.023,-254.159],[-109.32,-245.755],[-109.32,-199.596],[-109.32,266.154],[-109.32,299.529]],"c":true},"ix":2},"nm":"Path 1","mn":"ADBE Vector Shape - Group","hd":false},{"ty":"fl","c":{"a":0,"k":[0.798105277267,0.776796587776,0.74975938984,1],"ix":4},"o":{"a":0,"k":100,"ix":5},"r":1,"bm":0,"nm":"Fill 1","mn":"ADBE Vector Graphic - Fill","hd":false},{"ty":"tr","p":{"a":0,"k":[758.641,497.838],"ix":2},"a":{"a":0,"k":[0,0],"ix":1},"s":{"a":0,"k":[100,100],"ix":3},"r":{"a":0,"k":0,"ix":6},"o":{"a":0,"k":100,"ix":7},"sk":{"a":0,"k":0,"ix":4},"sa":{"a":0,"k":0,"ix":5},"nm":"Transform"}],"nm":"Group 2","np":2,"cix":2,"bm":0,"ix":2,"mn":"ADBE Vector Group","hd":false}],"ip":28,"op":103,"st":28,"bm":0},{"ddd":1,"ind":7,"ty":4,"nm":"Left Outlines","parent":4,"sr":1,"ks":{"o":{"a":0,"k":100,"ix":11},"rx":{"a":0,"k":0,"ix":8},"ry":{"a":1,"k":[{"i":{"x":[0.833],"y":[0.833]},"o":{"x":[0.167],"y":[0.167]},"t":10,"s":[-178]},{"t":35,"s":[0]}],"ix":9},"rz":{"a":0,"k":0,"ix":10},"or":{"a":0,"k":[0,0,0],"ix":7},"p":{"a":0,"k":[-69.375,-0.25,0],"ix":2},"a":{"a":0,"k":[430.625,499.75,0],"ix":1},"s":{"a":0,"k":[100,100,100],"ix":6}},"ao":0,"shapes":[{"ty":"gr","it":[{"ind":0,"ty":"sh","ix":1,"ks":{"a":0,"k":{"i":[[0,0],[0,0],[0,-16.88],[0,0],[-13.352,4.305],[0,0],[0,0],[0,0],[0,0],[0,0]],"o":[[0,0],[-13.352,3.348],[0,0],[0,16.881],[0,0],[0,0],[0,0],[0,0],[0,0],[0,0]],"v":[[73.073,-260.392],[-73.074,-223.751],[-97.248,-187.126],[-97.248,239.378],[-73.074,262.148],[72.965,226.094],[97.249,219.233],[97.249,177.555],[97.249,-236.762],[97.249,-266.453]],"c":true},"ix":2},"nm":"Path 1","mn":"ADBE Vector Shape - Group","hd":false},{"ty":"fl","c":{"a":0,"k":[0.646707871381,0.864081468769,0.915536917892,1],"ix":4},"o":{"a":0,"k":100,"ix":5},"r":1,"bm":0,"nm":"Fill 1","mn":"ADBE Vector Graphic - Fill","hd":false},{"ty":"tr","p":{"a":0,"k":[333.432,497.339],"ix":2},"a":{"a":0,"k":[0,0],"ix":1},"s":{"a":0,"k":[100,100],"ix":3},"r":{"a":0,"k":0,"ix":6},"o":{"a":0,"k":100,"ix":7},"sk":{"a":0,"k":0,"ix":4},"sa":{"a":0,"k":0,"ix":5},"nm":"Transform"}],"nm":"Group 1","np":2,"cix":2,"bm":0,"ix":1,"mn":"ADBE Vector Group","hd":false},{"ty":"gr","it":[{"ind":0,"ty":"sh","ix":1,"ks":{"a":0,"k":{"i":[[0,0],[0,0],[0,-18.976],[0,0],[-15.01,4.839],[0,0],[0,0],[0,0],[0,0],[0,0]],"o":[[0,0],[-15.01,3.763],[0,0],[0,18.976],[0,0],[0,0],[0,0],[0,0],[0,0],[0,0]],"v":[[82.145,-292.716],[-82.144,-251.526],[-109.321,-210.354],[-109.321,269.094],[-82.144,294.69],[82.023,254.159],[109.321,246.448],[109.321,199.597],[109.321,-266.154],[109.321,-299.529]],"c":true},"ix":2},"nm":"Path 1","mn":"ADBE Vector Shape - Group","hd":false},{"ty":"fl","c":{"a":0,"k":[0.798105277267,0.776796587776,0.74975938984,1],"ix":4},"o":{"a":0,"k":100,"ix":5},"r":1,"bm":0,"nm":"Fill 1","mn":"ADBE Vector Graphic - Fill","hd":false},{"ty":"tr","p":{"a":0,"k":[321.36,501.569],"ix":2},"a":{"a":0,"k":[0,0],"ix":1},"s":{"a":0,"k":[100,100],"ix":3},"r":{"a":0,"k":0,"ix":6},"o":{"a":0,"k":100,"ix":7},"sk":{"a":0,"k":0,"ix":4},"sa":{"a":0,"k":0,"ix":5},"nm":"Transform"}],"nm":"Group 2","np":2,"cix":2,"bm":0,"ix":2,"mn":"ADBE Vector Group","hd":false}],"ip":10,"op":112,"st":10,"bm":0}],"markers":[]}